{"cameraMode":{"drawMode":0,"name":"Shaded","section":"Shading Mode"},"sceneLighting":true,"audioPlay":false,"sceneViewState":{"showFog":true,"showMaterialUpdate":false,"showSkybox":true,"showFlares":true,"showImageEffects":true,"showParticleSystems":true},"in2DMode":false,"pivot":{"x":13.086201667785645,"y":1.2619924545288087,"z":-13.09921646118164},"rotation":{"x":0.12061590701341629,"y":0.877925455570221,"z":-0.35352450609207156,"w":0.29953157901763918},"size":4.159613132476807,"orthographic":false}