{"cameraMode":{"drawMode":0,"name":"Shaded","section":"Shading Mode"},"sceneLighting":true,"audioPlay":false,"sceneViewState":{"showFog":true,"showMaterialUpdate":false,"showSkybox":true,"showFlares":true,"showImageEffects":true,"showParticleSystems":true},"in2DMode":false,"pivot":{"x":3.1093034744262697,"y":-0.8997125625610352,"z":-13.373967170715332},"rotation":{"x":0.12061590701341629,"y":0.877925455570221,"z":-0.35352450609207156,"w":0.29953157901763918},"size":7.971393585205078,"orthographic":false}